mes,mes_label,bias_medio
1,Jan,39.411669077354645
2,Fev,17.396425655632125
3,Mar,-11.020944180285186
4,Abr,-21.336050945437925
5,Mai,-21.731817827124843
6,Jun,-15.148290492302232
7,Jul,-9.82156260494848
8,Ago,-10.870240170154453
9,Set,-12.561256060024782
10,Out,-11.78759119928356
11,Nov,-7.108701172212998
12,Dez,11.166179853626328
